{
  "metrics": {
    "accuracy": 0.8543234417151782,
    "precision": 0.6748237245956035,
    "recall": 0.8705189941144997,
    "f1": 0.7602803738317757,
    "churn_detection_rate": 0.8705189941144997,
    "false_alarm_rate": 0.15152686509470428,
    "cost_per_customer": 22.745988925173933,
    "total_cost": 160200,
    "roc_auc": 0.9307366875121377,
    "pr_auc": 0.8230822232522108
  },
  "classification_report": "              precision    recall  f1-score   support\n\n   Not Churn       0.95      0.85      0.90      5174\n       Churn       0.67      0.87      0.76      1869\n\n    accuracy                           0.85      7043\n   macro avg       0.81      0.86      0.83      7043\nweighted avg       0.88      0.85      0.86      7043\n",
  "model_info": {
    "version": "RandomForest_v1.0.1",
    "model_name": "RandomForest",
    "stage": "staging",
    "timestamp": "2026-07-11T17:08:56.613748",
    "metrics": {
      "train_accuracy": 0.8739794107206248,
      "val_accuracy": 0.7757274662881476,
      "val_precision": 0.7992107630160205,
      "val_recall": 0.7757274662881476,
      "val_f1": 0.7833718776506431,
      "val_roc_auc": 0.8382210855356635,
      "val_pr_auc": 0.6472089943930214
    },
    "description": "Best model from training pipeline - F1: 0.7834",
    "tags": [],
    "model_path": "models\\registry\\RandomForest_v1.0.1\\model.pkl",
    "file_size_mb": 4.504899978637695,
    "parameters": {
      "bootstrap": true,
      "ccp_alpha": 0.0,
      "class_weight": "balanced",
      "criterion": "gini",
      "max_depth": 10,
      "max_features": "sqrt",
      "max_leaf_nodes": null,
      "max_samples": null,
      "min_impurity_decrease": 0.0,
      "min_samples_leaf": 1,
      "min_samples_split": 5,
      "min_weight_fraction_leaf": 0.0,
      "monotonic_cst": null,
      "n_estimators": 100,
      "n_jobs": -1,
      "oob_score": false,
      "random_state": 42,
      "verbose": 0,
      "warm_start": false
    }
  },
  "optimal_threshold": 0.5244897959183674,
  "threshold_metrics": {
    "precision": 0.6910356832027851,
    "recall": 0.8496522204387373,
    "f1": 0.7621790256779457,
    "cost": 176000
  }
}