{
  "metrics": {
    "accuracy": 0.8497799233281272,
    "precision": 0.6661204424416223,
    "recall": 0.869983948635634,
    "f1": 0.7545243619489559,
    "churn_detection_rate": 0.869983948635634,
    "false_alarm_rate": 0.157518361035949,
    "cost_per_customer": 23.037058071844385,
    "total_cost": 162250,
    "roc_auc": 0.9285909731395589,
    "pr_auc": 0.8165035324977352
  },
  "classification_report": "              precision    recall  f1-score   support\n\n   Not Churn       0.95      0.84      0.89      5174\n       Churn       0.67      0.87      0.75      1869\n\n    accuracy                           0.85      7043\n   macro avg       0.81      0.86      0.82      7043\nweighted avg       0.87      0.85      0.86      7043\n",
  "model_info": {
    "version": "RandomForest_v1.0.5",
    "model_name": "RandomForest",
    "stage": "staging",
    "timestamp": "2026-07-11T15:01:52.105573",
    "metrics": {
      "train_accuracy": 0.8686545970891019,
      "val_accuracy": 0.7743080198722498,
      "val_precision": 0.7994983189283892,
      "val_recall": 0.7743080198722498,
      "val_f1": 0.7823338921828032,
      "val_roc_auc": 0.8403329974941228,
      "val_pr_auc": 0.6497566589701433
    },
    "description": "Best model from training pipeline - F1: 0.7823",
    "tags": [],
    "model_path": "models\\registry\\RandomForest_v1.0.5\\model.pkl",
    "file_size_mb": 4.351239204406738,
    "parameters": {
      "bootstrap": true,
      "ccp_alpha": 0.0,
      "class_weight": "balanced",
      "criterion": "gini",
      "max_depth": 10,
      "max_features": "sqrt",
      "max_leaf_nodes": null,
      "max_samples": null,
      "min_impurity_decrease": 0.0,
      "min_samples_leaf": 1,
      "min_samples_split": 5,
      "min_weight_fraction_leaf": 0.0,
      "monotonic_cst": null,
      "n_estimators": 100,
      "n_jobs": -1,
      "oob_score": false,
      "random_state": 42,
      "verbose": 0,
      "warm_start": false
    }
  },
  "optimal_threshold": 0.5244897959183674,
  "threshold_metrics": {
    "precision": 0.6821505376344086,
    "recall": 0.8485821294810059,
    "f1": 0.7563185503099666,
    "cost": 178450
  }
}